,PRICE,PRICE,PRICE,PRICE,EMA,ema_period
,open,high,low,close,,
Timestamp,,,,,,
2023-05-04 17:30:00,1875.979748793,1877.6779676696,1869.0165488903,1877.3639964023,1877.3639964023,25
2023-05-04 21:00:00,1877.5720857226,1877.9007182547,1871.1992756971,1876.2872462158,1877.281169464877,25
2023-05-05 00:30:00,1876.4496981756,1906.858070378,1876.4496981756,1896.0933119782,1878.7282573505172,25
2023-05-05 04:00:00,1896.2106124255,1906.6723784196,1895.9996953875,1896.4196313105,1880.089132270516,25
2023-05-05 07:30:00,1896.6094060777,1904.0932368776,1895.6323411032,1902.9887469099,1881.8506410889304,25
2023-05-05 11:00:00,1903.2335982993,1941.5626241942,1894.8819847086,1936.9508221776,1886.0891165572898,25
2023-05-05 14:30:00,1937.3994632502,2005.2157656006,1937.3994632502,1993.3316603936,1894.3385430062367,25
2023-05-05 18:00:00,1993.133764056,1995.1808557283,1973.5641486887,1991.2228182019,1901.7911795597495,25
2023-05-05 21:30:00,1991.0848898131,2013.9876735985,1987.5228557142,2004.2556938498,1909.673065274369,25
2023-05-06 01:00:00,2004.0657879506,2004.0657879506,1967.7993342401,1970.6811819793,1914.3659973285944,25
2023-05-06 04:30:00,1970.6811819793,1970.6811819793,1959.7852552906,1961.1092900431,1917.9616352297103,25
2023-05-06 08:00:00,1961.1092900431,1961.1092900431,1926.5563743611,1931.6307641087,1919.0131066819404,25
2023-05-06 11:30:00,1931.5133904739,1935.8658109966,1876.5113745512,1879.8287021303,1915.9989217164295,25
2023-05-06 15:00:00,1879.4879792247,1892.8704613482,1866.590305501,1892.8704613482,1914.219809380412,25
2023-05-06 18:30:00,1893.084107298,1906.0945287167,1888.843641037,1897.6833557854,1912.9477744884882,25
2023-05-06 22:00:00,1897.5953299141,1919.0143538851,1896.8676936175,1919.0143538851,1913.4144344420738,25
2023-05-07 01:30:00,1918.6076021956,1918.6076021956,1892.9489724604,1895.6487920243,1912.0478465637837,25
2023-05-07 05:00:00,1895.6487920243,1912.6041459871,1895.6487920243,1912.2644309483,1912.0645069010543,25
2023-05-07 08:30:00,1912.1727307503,1912.1727307503,1901.4371172834,1905.5044105575,1911.5598841053966,25
2023-05-07 12:00:00,1905.5044105575,1933.9215903944,1905.5044105575,1923.2240626511,1912.4571286089122,25
2023-05-07 15:30:00,1923.1572755994,1924.0711207123,1911.7554654076,1914.5725936973,1912.6198566926344,25
2023-05-07 19:00:00,1914.2567233951,1922.2356624169,1906.7841768708,1915.9010014282,1912.872252441524,25
2023-05-07 22:30:00,1915.6759461264,1915.6759461264,1831.8672889298,1854.5897983902,1908.3889867452685,25
2023-05-08 02:00:00,1854.2191221001,1869.4627234089,1851.7632142433,1867.0423395554,1905.208475422971,25
2023-05-08 05:30:00,1867.0824217868,1869.9269998656,1841.4625989214,1845.0534600123,1900.5811665452272,25
2023-05-08 09:00:00,1844.3326281615,1867.8587450017,1844.3326281615,1862.0327121446,1897.6159008221023,25
2023-05-08 12:30:00,1862.0327121446,1877.3895702974,1851.7273045737,1867.6072033913,1895.3075394812715,25
2023-05-08 16:00:00,1867.0722458434,1867.0722458434,1820.0381661699,1840.2386047922,1891.0714675821123,25
2023-05-08 19:30:00,1840.2385332993,1851.0841142171,1831.1586454531,1848.1257389477,1887.76794999485,25
2023-05-08 23:00:00,1848.1257012103,1857.3942625544,1842.1389527574,1843.1314815851,1884.3343755017922,25
2023-05-09 02:30:00,1843.1314815851,1847.0010880566,1841.9772025494,1844.0000390128,1881.2317342334084,25
2023-05-09 06:00:00,1843.8991492374,1849.989346385,1835.7648446419,1844.378323903,1878.396856515685,25
2023-05-09 09:30:00,1844.378323903,1854.2667429747,1839.5168436097,1850.9738717011,1876.2873961453324,25
2023-05-09 13:00:00,1851.1900038364,1852.4419307675,1839.681884402,1842.1721977572,1873.6631501154761,25
2023-05-09 16:30:00,1842.2935570522,1858.7245551962,1842.2935570522,1852.5689453627,1872.0405189806474,25
2023-05-09 20:00:00,1852.6268142349,1862.0421630461,1845.2767430002,1846.9014365329,1870.1067434077438,25
2023-05-09 23:30:00,1847.0759464429,1858.3043218648,1845.5777970411,1845.5777970411,1868.2199013795405,25
2023-05-10 03:00:00,1845.6077108771,1848.2217202468,1837.4610697927,1839.4017268862,1866.0031187262066,25
2023-05-10 06:30:00,1839.4017268862,1843.3984272141,1837.8091590548,1840.148903026,1864.0143329031139,25
2023-05-10 10:00:00,1840.148903026,1888.039017213,1840.148903026,1873.6405782028,1864.754813310782,25
2023-05-10 13:30:00,1873.9566201688,1881.1901363686,1869.712056014,1876.0453968978,1865.6233197405527,25
2023-05-10 17:00:00,1875.7512328444,1875.7512328444,1801.1189318193,1856.7910660161,1864.9439156079025,25
2023-05-10 20:30:00,1857.2119137777,1859.9273564878,1832.7178660191,1842.0942868006,1863.1862518534947,25
2023-05-11 00:00:00,1842.0942868006,1842.0942868006,1825.5889540777,1827.919772588,1860.473445756149,25
2023-05-11 03:30:00,1827.919772588,1833.0743144642,1827.919772588,1832.0933305582,1858.2903599716915,25
2023-05-11 07:00:00,1832.0933305582,1835.3233770725,1814.3929229985,1822.7900831057,1855.5595694435385,25
2023-05-11 10:30:00,1822.7900831057,1838.4334866917,1804.2662961103,1808.7360221058,1851.9577581098665,25
2023-05-11 14:00:00,1809.0257001997,1810.5228735135,1778.0518880845,1784.0013846211,1846.730344764577,25
2023-05-11 17:30:00,1784.6854395234,1798.7316570373,1780.6708004249,1798.7316570373,1843.0381380163249,25
2023-05-11 21:00:00,1798.4577612873,1800.6171904258,1789.622503561,1796.9938316038,1839.4962682922846,25
2023-05-12 00:30:00,1796.9938316038,1801.9522153081,1765.2140930605,1765.2140930605,1833.7822548129166,25
2023-05-12 04:00:00,1765.2140930605,1772.8264096944,1745.1917568218,1761.3513818654,1828.2106492015694,25
2023-05-12 07:30:00,1761.0911494896,1772.6620967493,1759.195053383,1768.5565236697,1823.6218703145028,25
2023-05-12 11:00:00,1768.6619487398,1782.1241974586,1767.1696449854,1777.9327553214,1820.1073230073412,25
2023-05-12 14:30:00,1777.9327553214,1777.9327553214,1765.2311860266,1774.5593855689,1816.6036355120764,25
2023-05-12 18:00:00,1774.5597436823,1809.534612681,1747.1668046995,1808.97206666,1816.0165917542245,25
2023-05-12 21:30:00,1810.1133477487,1815.2405929804,1802.3891760889,1808.2747138073,1815.4210626813842,25
2023-05-13 01:00:00,1808.4315158728,1814.6226685167,1808.4192671655,1808.4193850422,1814.8824720937548,25
2023-05-13 04:30:00,1808.4192577944,1808.4192577944,1800.2813039696,1804.971723882,1814.120106846697,25
2023-05-13 08:00:00,1804.8185018551,1810.7851229504,1804.2317388535,1806.0678569979,1813.5007030121742,25
2023-05-13 11:30:00,1805.9664678592,1807.8977851515,1790.8644386908,1794.7683399891,1812.0597520103993,25
2023-05-13 15:00:00,1794.5646665119,1797.1962609026,1792.8420734162,1794.7788897169,1810.7304549108994,25
2023-05-13 18:30:00,1794.9264684963,1804.1859030649,1789.4888653891,1802.4346694801,1810.0923175700686,25
2023-05-13 22:00:00,1802.2298616864,1803.3915633328,1795.2438604954,1795.9093720272,1809.001321759079,25
2023-05-14 01:30:00,1796.0388575924,1803.5630556563,1795.7173654128,1803.0779537198,1808.54567806375,25
2023-05-14 05:00:00,1803.0779537198,1808.2041043552,1803.0779537198,1805.5247782175,1808.3133011525001,25
2023-05-14 08:30:00,1805.524783897,1805.524783897,1803.1445787735,1803.3188319615,1807.929111214731,25
2023-05-14 12:00:00,1803.1822559553,1819.4922136418,1800.416809634,1816.5013034548,1808.5885106178134,25
2023-05-14 15:30:00,1816.3762905402,1823.6909514645,1799.729145888,1802.3359166746,1808.107541852951,25
2023-05-14 19:00:00,1802.1656714211,1802.6829732393,1795.2664334791,1802.1100032035,1807.6461927260702,25
2023-05-14 22:30:00,1801.98002066,1828.9688600082,1787.8087135921,1824.5366669421,1808.9454599734572,25
2023-05-15 02:00:00,1824.7551695812,1832.4015971805,1822.4178681355,1822.7351401448,1810.0062046020223,25
2023-05-15 05:30:00,1822.925942611,1834.1627996831,1822.925942611,1831.0470736135,1811.6247329875207,25
2023-05-15 09:00:00,1831.0470736135,1834.1202860201,1826.5042508029,1827.4399984316,1812.8412918678346,25
2023-05-15 12:30:00,1827.2511618873,1835.4057973464,1814.8646590639,1827.861479993,1813.996690954386,25
2023-05-15 16:00:00,1827.941129129,1845.3661410523,1826.348041788,1828.5091870607,1815.1130368087179,25
2023-05-15 19:30:00,1828.2732127002,1828.2732127002,1822.3068683585,1822.5464443519,1815.6848373889627,25
2023-05-15 23:00:00,1822.5465103908,1822.5465103908,1799.842850923,1807.0765521604,1815.0226616021503,25
2023-05-16 02:30:00,1807.0765521604,1813.9543195425,1807.0765521604,1811.8205944872,1814.776348747154,25
2023-05-16 06:00:00,1811.8205944872,1826.2269529127,1809.2111531756,1820.9288752026,1815.2496200129576,25
2023-05-16 09:30:00,1820.9288752026,1822.3160470405,1814.6359174877,1821.4762263063,1815.7285897278302,25
2023-05-16 13:00:00,1821.3997175205,1822.0120610382,1814.1946526795,1821.3532681866,1816.1612573015818,25
2023-05-16 16:30:00,1821.6014201351,1832.977937029,1817.756387147,1817.756387147,1816.2839595973833,25
2023-05-16 20:00:00,1817.9880160702,1828.1329901426,1817.9880160702,1824.9127766284,1816.9477147536156,25
2023-05-16 23:30:00,1824.9127766284,1835.6542068428,1820.9369230131,1827.0489377047,1817.7247319036992,25
2023-05-17 03:00:00,1826.7895844024,1826.7895844024,1818.6703750715,1819.3071549272,1817.846456751661,25
2023-05-17 06:30:00,1819.4414564625,1820.9754126155,1804.8738680351,1807.468536196,1817.0481551704565,25
2023-05-17 10:00:00,1807.3058658165,1807.3058658165,1790.9186798598,1800.107896173,1815.7450583244986,25
2023-05-17 13:30:00,1799.869389254,1806.0410762932,1785.8099126959,1805.5020961834,1814.957138159799,25
2023-05-17 17:00:00,1805.1899077744,1832.9657390467,1802.5656659069,1826.0557218391,1815.8108753658992,25
2023-05-17 20:30:00,1825.8586171387,1828.6546154326,1821.6800019712,1822.4084782555,1816.3183832804839,25
2023-05-18 00:00:00,1823.036925532,1826.0936717323,1820.8259837919,1826.0936717323,1817.0703285460083,25
2023-05-18 03:30:00,1825.9423084611,1825.9423084611,1817.6244705154,1818.4988035115,1817.1802112356618,25
2023-05-18 07:00:00,1818.3174101756,1829.9594194639,1818.3174101756,1826.4963832445,1817.8968398517263,25
2023-05-18 10:30:00,1826.615271549,1826.8666075545,1815.4501182515,1819.6654479084,1818.0328866253167,25
2023-05-18 14:00:00,1819.4230808627,1823.203591334,1808.6293982765,1810.7995596903,1817.4764768610848,25
2023-05-18 17:30:00,1810.6680330422,1810.6680330422,1775.7169285903,1799.2951535582,1816.0779135300936,25
2023-05-18 21:00:00,1799.6350423658,1818.9989306148,1799.240236373,1802.7447626109,1815.0522865363096,25
2023-05-19 00:30:00,1802.9787893588,1807.9874651787,1799.8812200859,1803.5381623835,1814.1665846784013,25
2023-05-19 04:00:00,1803.3908260777,1810.8238935707,1802.3078049504,1810.5009124995,1813.8846098954089,25
2023-05-19 07:30:00,1810.5009124995,1810.8746664532,1808.5317884987,1809.309461632,1813.532675413608,25
2023-05-19 11:00:00,1809.3731671307,1818.1906095189,1808.8310496329,1811.1300765459,1813.347860116092,25
2023-05-19 14:30:00,1811.2471581451,1830.2682804284,1803.6177088503,1821.0520871855,1813.9404929675852,25
2023-05-19 18:00:00,1821.2049385822,1821.2049385822,1809.4119659776,1813.5446125823,1813.9100406302557,25
2023-05-19 21:30:00,1812.9717938668,1814.2029328888,1810.213957495,1810.213957495,1813.6257265429283,25
2023-05-20 01:00:00,1810.0785047593,1813.1436720771,1810.0785047593,1812.6997283329,1813.5544959113877,25
2023-05-20 04:30:00,1812.6214894677,1812.9166596086,1811.3501184993,1811.510465058,1813.3972627688195,25
2023-05-20 08:00:00,1811.5759674325,1814.8692188033,1811.5759674325,1814.2718424822,1813.4645381313874,25
2023-05-20 11:30:00,1814.2720807006,1818.3642889746,1814.2718424822,1818.3642889746,1813.8414420424037,25
2023-05-20 15:00:00,1818.4489534146,1827.1457194001,1816.5936614036,1826.6413801075,1814.8260526627957,25
2023-05-20 18:30:00,1826.6413801075,1826.641878411,1815.4633863153,1817.9794110787,1815.0686186947883,25
2023-05-20 22:00:00,1818.0594853199,1827.3526933384,1818.0594853199,1822.2158255325,1815.618403836151,25
2023-05-21 01:30:00,1822.143205836,1822.143205836,1818.5722540684,1818.5723158723,1815.8456278389317,25
2023-05-21 05:00:00,1818.67314235,1818.67314235,1816.4070815219,1816.4070815219,1815.8888165837755,25
2023-05-21 08:30:00,1816.4092574173,1816.4092574173,1809.3621539625,1811.2586520025,1815.5326500775236,25
2023-05-21 12:00:00,1811.2586520025,1817.2566234286,1811.2586520025,1816.0234898965,1815.5704069866756,25
2023-05-21 15:30:00,1816.0234898965,1816.0234898965,1805.7367884048,1808.0311458834,1814.9904638248852,25
2023-05-21 19:00:00,1808.0024198916,1811.1388085121,1800.3704522847,1804.0323172851,1814.147529475671,25
2023-05-21 22:30:00,1804.2187096631,1806.849435305,1795.3589150022,1795.3589863428,1812.7022569269889,25
2023-05-22 02:00:00,1795.3589863428,1803.6959141467,1794.6824883497,1803.6959141467,1812.009461328505,25
2023-05-22 05:30:00,1803.7964034914,1816.5435541064,1803.7964034914,1814.1270829965,1812.1723553029665,25
2023-05-22 09:00:00,1814.2562810009,1819.1169740856,1814.2562810009,1814.9928656657,1812.3893176385614,25
2023-05-22 12:30:00,1815.1205069009,1827.0203287321,1811.1392350259,1817.6384714163,1812.7930986983877,25
2023-05-22 16:00:00,1817.6591413236,1822.5854323779,1815.9566724978,1818.2339141379,1813.2116229629657,25
2023-05-22 19:30:00,1818.2339141379,1823.939373062,1815.9987642212,1821.126471001,1813.82045742743,25
2023-05-22 23:00:00,1820.8870797723,1841.2276168757,1817.9712666619,1839.2424119667,1815.7759923919893,25
2023-05-23 02:30:00,1839.2424119667,1868.4126532891,1839.2424119667,1859.3503247166,1819.1278641092672,25
2023-05-23 06:00:00,1859.3503247166,1860.9387430059,1848.6681658851,1855.9849455495,1821.9630242200544,25
2023-05-23 09:30:00,1855.8183118846,1856.8372278005,1850.9830304042,1852.0369089597,1824.276399969258,25
2023-05-23 13:00:00,1852.2070917433,1858.5185779977,1844.4608826671,1855.0362451647,1826.642541907369,25
2023-05-23 16:30:00,1854.7958270596,1854.7958270596,1844.026391475,1852.3140408037,1828.6172725917022,25
2023-05-23 20:00:00,1852.6118674625,1856.3144127643,1848.7183748311,1855.6631505223,1830.6977247402099,25
2023-05-23 23:30:00,1855.4214274176,1855.4214274176,1846.3054028256,1846.6748885219,1831.9267373388016,25
2023-05-24 03:00:00,1846.7276312562,1846.7276312562,1814.6849930335,1822.4021711558,1831.1940784016476,25
2023-05-24 06:30:00,1822.4021711558,1823.9396460162,1816.200775667,1818.4889782939,1830.216763008744,25
2023-05-24 10:00:00,1818.4891552928,1818.4893323545,1813.7441525774,1816.0528700753,1829.1272327830948,25
2023-05-24 13:30:00,1816.0528700753,1816.0528700753,1780.6595372051,1788.4389449795,1825.9973644905108,25
2023-05-24 17:00:00,1788.5297994997,1803.7319821196,1788.1978763176,1803.7319821196,1824.2846427696716,25
2023-05-24 20:30:00,1804.0443293814,1808.8376978615,1796.5397231221,1801.9986077851,1822.570332386243,25
2023-05-25 00:00:00,1802.1316787601,1807.8962286931,1766.1888532158,1779.839970672,1819.2833814851476,25
2023-05-25 03:30:00,1780.0379528468,1787.3701290214,1777.2508354983,1785.751982574,1816.704043107367,25
2023-05-25 07:00:00,1785.751982574,1787.0472751513,1780.5437896626,1787.014176616,1814.4202072234157,25
2023-05-25 10:30:00,1787.014176616,1810.6436837301,1785.001560675,1799.7304887236,1813.2902288772761,25
2023-05-25 14:00:00,1799.9886060818,1802.1526542746,1789.7645417242,1800.3023736342,1812.2911630893473,25
2023-05-25 17:30:00,1800.4330189625,1817.4815220248,1800.4330189625,1811.4400832154,1812.2256954067361,25
2023-05-25 21:00:00,1811.530347122,1811.8835341794,1807.0681565709,1807.7216542863,1811.8792307051642,25
2023-05-26 00:30:00,1807.7216542863,1808.3405759456,1800.0634551242,1807.3043716427,1811.5273184695902,25
2023-05-26 04:00:00,1807.3043716427,1811.4129973431,1805.0936764518,1811.3824709742,1811.5161763545602,25
2023-05-26 07:30:00,1811.3825973138,1818.0867080298,1811.3825973138,1813.6028831683,1811.6766922633096,25
2023-05-26 11:00:00,1813.7040912916,1834.4636612753,1811.7592641298,1832.2882807267,1813.262199068186,25
2023-05-26 14:30:00,1832.4985081457,1836.5427468315,1825.4166532582,1825.4166532582,1814.1971570828025,25
2023-05-26 18:00:00,1825.2748712031,1836.4493627788,1825.2748712031,1834.2865069675,1815.7424916893178,25
2023-05-26 21:30:00,1834.1526780475,1834.5236482263,1828.1574919785,1828.1574919785,1816.6974917115626,25
2023-05-27 01:00:00,1828.1574919785,1836.4358909631,1828.1574919785,1834.5156321781,1818.0681179012965,25
2023-05-27 04:30:00,1834.6514444763,1834.7457353469,1831.7614378192,1831.7614378192,1819.1214502026737,25
2023-05-27 08:00:00,1831.7614378192,1831.7614378192,1826.3098353599,1826.3098353599,1819.674402907076,25
2023-05-27 11:30:00,1826.4178013984,1830.9575751721,1816.353179771,1824.5896224253,1820.05249671617,25
2023-05-27 15:00:00,1824.5896224253,1824.5899039007,1820.6076842571,1824.3386783539,1820.3822029959956,25
2023-05-27 18:30:00,1824.6940913573,1827.821922462,1823.1096741703,1826.6250872154,1820.8624248590268,25
2023-05-27 22:00:00,1826.6568297691,1857.4237768783,1825.2875753364,1851.0158937335,1823.1819224647554,25
2023-05-28 01:30:00,1851.0950670682,1855.9534648917,1847.8860783817,1851.76436596,1825.3805719643897,25
2023-05-28 05:00:00,1851.7477188664,1851.7477188664,1846.7977341114,1846.7977341114,1827.0280459756982,25
2023-05-28 08:30:00,1846.7977341114,1849.1943759484,1845.4304608509,1845.9146283125,1828.4808600016063,25
2023-05-28 12:00:00,1845.822079296,1845.9111661641,1839.7511255546,1843.0317826472,1829.6001617435752,25
2023-05-28 15:30:00,1843.0481640031,1856.4926946606,1841.8362759111,1852.5285426482,1831.3638833516234,25
2023-05-28 19:00:00,1852.2108219953,1913.931735109,1847.8721201237,1906.403050133,1837.136126950191,25
2023-05-28 22:30:00,1905.682980051,1923.6428871103,1902.3845425643,1914.2243415237,1843.065989609692,25
2023-05-29 02:00:00,1914.7250931518,1915.3550806167,1894.8281124355,1902.0299029276,1847.6016752495311,25
2023-05-29 05:30:00,1902.0299029276,1902.6773520382,1894.8014191242,1899.0097069659,1851.5561392277134,25
2023-05-29 09:00:00,1898.6846229799,1904.9172418662,1893.9377013428,1901.0014467058,1855.3596244183354,25
2023-05-29 12:30:00,1900.8927095129,1900.8927095129,1888.0231356181,1888.0231356181,1857.8722022029326,25
2023-05-29 16:00:00,1888.6757529554,1892.7495204374,1875.6219331892,1892.4999601102,1860.535875888107,25
2023-05-29 19:30:00,1892.5004672622,1892.8159348715,1887.6568684322,1890.5547942368,1862.8450234533911,25
2023-05-29 23:00:00,1890.2218485481,1899.8313414593,1882.6974356632,1896.1723192857,1865.408661594338,25
2023-05-30 02:30:00,1896.1723192857,1908.6879414504,1892.4560985432,1896.802017448,1867.8235351215426,25
2023-05-30 06:00:00,1896.802017448,1905.6310836791,1896.802017448,1905.6310836791,1870.7318080875086,25
2023-05-30 09:30:00,1905.6310836791,1913.9278232537,1904.4499535984,1908.4194740857,1873.6308593181388,25
2023-05-30 13:00:00,1907.9182221216,1911.6005128638,1892.3182882949,1898.6082509059,1875.552197132582,25
2023-05-30 16:30:00,1898.6082509059,1909.2449990492,1898.6082509059,1906.1227249713,1877.903776197099,25
2023-05-30 20:00:00,1906.5210921619,1912.0678019843,1898.9487843226,1898.9487843226,1879.5226229759837,25
2023-05-30 23:30:00,1898.9487843226,1904.3683067902,1884.957688126,1893.1746994228,1880.572782702662,25
2023-05-31 03:00:00,1893.43347394,1896.145829677,1861.1329279736,1865.2837404039,1879.3967025258341,25
2023-05-31 06:30:00,1865.4125867988,1871.7558805521,1865.4125867988,1869.6237182006,1878.6449345008161,25
2023-05-31 10:00:00,1869.7016769884,1870.8039112071,1865.3393757664,1870.8039112071,1878.041778862838,25
2023-05-31 13:30:00,1870.830565103,1873.760257001,1851.9446710785,1858.9488893399,1876.5730950533814,25
2023-05-31 17:00:00,1859.1349331286,1867.443150609,1858.9568479362,1867.0547183388,1875.840912229183,25
2023-05-31 20:30:00,1867.0799979199,1877.1956369366,1863.010746152,1874.1406813876,1875.710125241369,25
2023-06-01 00:00:00,1874.2359582943,1886.3457410153,1843.4220955188,1855.0057008939,1874.1174772146408,25
2023-06-01 03:30:00,1855.2126299179,1856.890837374,1854.6460521748,1855.1845230723,1872.6610961267684,25
2023-06-01 07:00:00,1855.1845230723,1864.4786320358,1853.1415988385,1861.6070890458,1871.8107878897708,25
2023-06-01 10:30:00,1861.6070890458,1865.3284688121,1859.5526970346,1862.3165238556,1871.0804598871423,25
2023-06-01 14:00:00,1862.6778421419,1881.5504439453,1858.1092754176,1876.1236044562,1871.4683940847622,25
2023-06-01 17:30:00,1875.6822286422,1876.1971650585,1858.8908802318,1869.8247697146,1871.3419614409036,25
2023-06-01 21:00:00,1869.7274367261,1871.4618499961,1855.4156625288,1859.3915874323,1870.4227019017803,25
2023-06-02 00:30:00,1859.5294650582,1878.826674815,1850.8811341519,1878.0024665955,1871.0057607243743,25
2023-06-02 04:00:00,1878.2114891202,1895.0089581719,1877.5253470331,1889.3633202646,1872.4178806890072,25
2023-06-02 07:30:00,1889.3323946081,1892.6151109899,1887.4777162907,1889.9215822569,1873.7643192711528,25
2023-06-02 11:00:00,1890.0465934357,1898.8496592342,1877.8014136265,1882.5328904875,1874.4388247493334,25
2023-06-02 14:30:00,1882.9287698733,1892.2863924839,1882.9287698733,1891.7420014416,1875.7698383410464,25
2023-06-02 18:00:00,1891.9955465088,1909.0891889525,1891.7565465622,1904.2260874942,1877.9587805835968,25
2023-06-02 21:30:00,1904.065687795,1906.1598338315,1902.4384409718,1902.5695810446,1879.851919080597,25
2023-06-03 01:00:00,1902.876984996,1903.3320530948,1897.6055545659,1899.5144102653,1881.3644184024974,25
2023-06-03 04:30:00,1899.5745520842,1903.7628533575,1899.5745520842,1903.697713891,1883.0823642093055,25
2023-06-03 08:00:00,1903.5205807626,1903.7252006455,1900.8134546898,1903.4437527476,1884.6486248660976,25
2023-06-03 11:30:00,1903.5446354243,1904.3069944431,1901.2672562204,1901.2672562204,1885.9269811241209,25
2023-06-03 15:00:00,1901.123874942,1903.354564819,1889.9107141377,1892.1577548733,1886.4062714125193,25
2023-06-03 18:30:00,1892.1568346888,1892.4455583751,1884.9830478852,1888.1620117799,1886.5413283638563,25
2023-06-03 22:00:00,1888.2134131494,1891.1073976223,1886.887497579,1890.9947288638,1886.8838976330828,25
2023-06-04 01:30:00,1890.9947288638,1893.9148016119,1890.540226839,1893.9131733748,1887.4246111516766,25
2023-06-04 05:00:00,1893.9128833307,1899.4426802489,1892.6648646828,1899.3120860397,1888.3390322969094,25
2023-06-04 08:30:00,1899.3120860397,1905.7561406681,1899.2581115809,1902.8545615887,1889.455611473201,25
2023-06-04 12:00:00,1902.8545615887,1911.6505374529,1900.8647299927,1903.3025169094,1890.5207580452166,25
2023-06-04 15:30:00,1903.3025169094,1903.4894459306,1897.3195590022,1901.6081239587,1891.373632346254,25
2023-06-04 19:00:00,1901.6081239587,1910.8591460534,1901.3455786568,1901.3455786568,1892.140705139373,25
2023-06-04 22:30:00,1901.2106915181,1904.6997517671,1878.3461322373,1883.1326823014,1891.447780305683,25
2023-06-05 02:00:00,1882.8345569633,1884.8093525225,1864.6137110703,1867.9893895841,1889.643288711715,25
2023-06-05 05:30:00,1868.0469492572,1872.090188693,1868.0469492572,1871.8766626837,1888.2766251710987,25
2023-06-05 09:00:00,1871.7472081092,1871.8702404608,1866.1414663696,1869.6741570266,1886.8456660830605,25
2023-06-05 12:30:00,1869.4676106167,1869.8929953561,1822.9341578713,1822.9341578713,1881.9293962206175,25
2023-06-05 16:00:00,1824.2108325455,1824.2108325455,1786.851872142,1801.6780523867,1875.7562159257009,25
2023-06-05 19:30:00,1801.9017632959,1809.4498067895,1796.7762887956,1809.3312864,1870.6466059621855,25
2023-06-05 23:00:00,1809.3312864,1815.3603013699,1805.8990038384,1811.5386069653,1866.099836808579,25
2023-06-06 02:30:00,1811.538637132,1818.2511113574,1811.538637132,1817.0925884873,1862.330048476173,25
2023-06-06 06:00:00,1816.9596493887,1817.085704074,1814.3877175447,1816.3780402304,1858.7952786111136,25
2023-06-06 09:30:00,1816.3780402304,1821.4237521038,1800.8887200255,1809.4117812474,1854.9965480446742,25
2023-06-06 13:00:00,1809.3271201915,1841.86081129,1801.9726610055,1838.3580811282,1853.7166659741763,25
2023-06-06 23:30:00,1840.1905718399,1887.2051709064,1840.1905718399,1875.5786661474,1855.3983582951937,25
2023-06-07 03:00:00,1875.2051073458,1881.6813726435,1873.0292326809,1881.6813542865,1857.420127217602,25
2023-06-07 06:30:00,1881.6813542894,1881.682196196,1854.0831330721,1854.0831330721,1857.1634353602558,25
2023-06-07 10:00:00,1854.0287489162,1875.491300143,1846.3442809806,1864.8152059772,1857.7520331000208,25
2023-06-07 13:30:00,1864.8152059772,1866.8410418965,1836.2118896603,1842.761079596,1856.5988828304808,25
2023-06-07 17:00:00,1842.761153977,1850.5442541043,1839.2154807232,1841.3188283663,1855.4234940255437,25
2023-06-07 20:30:00,1841.3188283693,1842.778370139,1824.3564235389,1832.5357868787,1853.6629011680943,25
2023-06-08 00:00:00,1832.5371398865,1842.5045072527,1831.8393045654,1831.8393045654,1851.9841629678872,25
2023-06-08 03:30:00,1831.8393295102,1847.3740213802,1831.838145409,1841.5215121169,1851.1793436716575,25
2023-06-08 07:00:00,1841.3297378462,1849.2684263448,1840.2966229495,1840.2966229495,1850.3422113084148,25
2023-06-08 10:30:00,1840.2966229495,1853.4027321911,1840.2966229495,1846.3130344038,1850.0322746234444,25
2023-06-08 14:00:00,1845.8003056693,1860.1747129764,1842.8334803276,1846.0361154492,1849.7248777638874,25
2023-06-08 17:30:00,1846.0361154492,1853.1135462847,1844.2066122081,1853.1135462847,1849.985544573181,25
2023-06-08 21:00:00,1853.4653954143,1853.4653954143,1846.2973446978,1846.2973446978,1849.7018368904594,25
2023-06-09 00:30:00,1846.2973446978,1848.7344999566,1831.1065452422,1838.8016194009,1848.863358622032,25
2023-06-09 04:00:00,1838.6974389951,1840.771616989,1834.37924835,1835.6041315693,1847.843418079514,25
2023-06-09 07:30:00,1835.504428595,1846.7405128831,1833.7471919961,1845.1338846794,1847.6349924333515,25
2023-06-09 11:00:00,1844.7094575175,1854.4403348261,1843.05028078,1850.2430989796,1847.8356160138324,25
2023-06-09 14:30:00,1850.2399743319,1851.4441522903,1840.5205740181,1841.9250187391,1847.380954685007,25
2023-06-09 18:00:00,1841.7436868864,1842.0603382216,1831.7210979286,1836.3898611505,1846.5354859515835,25
2023-06-09 21:30:00,1836.2874009843,1841.4226816659,1835.8738248303,1838.8943924577,1845.9477095289772,25
2023-06-10 01:00:00,1839.115493291,1845.3601675181,1812.5652683001,1812.5652683001,1843.379829434448,25
2023-06-10 04:30:00,1812.5652683001,1812.5652683001,1735.1831071712,1736.1585506291,1835.1320387571136,25
2023-06-10 08:00:00,1735.9301905717,1745.2715820206,1699.5865529504,1741.6026385135,1827.9374695076049,25
2023-06-10 11:30:00,1742.098161741,1750.4036897367,1738.614589048,1744.0919273287,1821.48781241692,25
2023-06-10 15:00:00,1744.0919273287,1771.6412039788,1724.2608449876,1737.4980141323,1815.0270587027185,25
2023-06-10 18:30:00,1737.1556088679,1747.1293810456,1737.0367513602,1745.3575610867,1809.6678665784093,25
2023-06-10 22:00:00,1744.297313447,1757.6053114616,1744.297313447,1746.5698109526,1804.8141699918087,25
2023-06-11 01:30:00,1746.5698109526,1757.2943551368,1746.5698109526,1757.2943551368,1801.1587996183466,25
2023-06-11 05:00:00,1757.6456649873,1759.1226255765,1753.4787466674,1755.3820321073,1797.6375098098047,25
2023-06-11 08:30:00,1755.3820321073,1755.4833528312,1747.5043677877,1755.238585248,1794.3760540742812,25
2023-06-11 12:00:00,1754.6592610637,1755.0947356203,1740.8990483941,1746.2207058403,1790.6717965178213,25
2023-06-11 15:30:00,1746.2207058403,1762.995464153,1742.1918681926,1759.8652748151,1788.3020640791506,25
2023-06-11 19:00:00,1759.8652748151,1776.8076866121,1757.2627255479,1759.7296264408,1786.1041842608158,25
2023-06-11 22:30:00,1759.7296264408,1759.7308797082,1744.6919498939,1747.274555277,1783.1172897235992,25
2023-06-12 02:00:00,1747.274555277,1747.8820987602,1727.4744245153,1737.9403196388,1779.642138178615,25
2023-06-12 05:30:00,1738.1400816463,1747.1075368784,1733.0018552081,1744.7803734211,1776.9604639664985,25
2023-06-12 09:00:00,1744.1901344756,1756.7819502142,1744.1901344756,1744.3450646745,1774.4515870978832,25
2023-06-12 12:30:00,1744.3450646745,1747.1243093711,1730.5851680962,1733.5192210119,1771.3029435528076,25
2023-06-12 16:00:00,1733.4311090132,1745.8953065637,1721.0277609136,1731.134978832,1768.2131001127455,25
2023-06-12 19:30:00,1731.134978832,1746.3368707998,1729.8243579528,1742.0367455176,1766.1995343746573,25
2023-06-12 23:00:00,1742.0367455176,1753.1271788813,1729.6639242287,1741.8248326913,1764.3245573220913,25
2023-06-13 02:30:00,1741.8250182142,1754.2849937007,1741.0067345668,1750.1642554261,1763.2353033300922,25
2023-06-13 06:00:00,1750.1646718849,1757.0523765274,1747.3241280343,1750.6472817813,1762.2669939801851,25
2023-06-13 09:30:00,1750.6472817813,1764.6212404243,1729.5474480089,1743.4403236066,1760.8187885668324,25
2023-06-13 13:00:00,1743.4403184685,1744.8306753739,1726.4435037129,1734.9115449329,1758.8259236719146,25
2023-06-13 16:30:00,1734.9115449329,1750.2290860239,1734.9115449329,1740.2933439702,1757.4003406179365,25
2023-06-13 20:00:00,1740.2933439702,1743.4438391907,1734.0912278027,1737.2124854432,1755.8474286814185,25
2023-06-13 23:30:00,1737.2125411166,1749.7476217808,1737.2125411166,1745.8737972591,1755.0802262643172,25
2023-06-14 03:00:00,1745.8737972591,1746.6662296083,1738.1772334996,1738.844066164,1753.8312908719852,25
2023-06-14 06:30:00,1738.844066164,1745.9941007779,1738.7961287823,1745.5572616236,1753.1948270836479,25
2023-06-14 10:00:00,1745.5584465892,1749.69750286,1744.2757124205,1744.2757172215,1752.5087417096365,25
2023-06-14 13:30:00,1744.2757177047,1744.2757177047,1739.3012043621,1740.4298151664,1751.5795935140031,25
2023-06-14 17:00:00,1740.4298151664,1746.3557289689,1669.9079822795,1685.1580862377,1746.4702468004416,25
2023-06-14 20:30:00,1685.1580835689,1685.1580835689,1637.2032682097,1652.0717059455,1739.208820580831,25
2023-06-15 00:00:00,1651.7791504815,1656.659046266,1644.1156826217,1648.6052447877,1732.23931475059,25
2023-06-15 03:30:00,1648.9341410878,1654.2258786737,1636.6698877386,1636.9854413801,1724.9120937220907,25
2023-06-15 07:00:00,1636.9854413801,1644.3533108082,1629.9260443349,1638.0611094243,1718.231248776107,25
2023-06-15 10:30:00,1638.0611094243,1648.6806935923,1632.282341463,1647.8600130128,1712.818076794314,25
2023-06-15 14:00:00,1647.4499024957,1647.4499024957,1634.5845254491,1637.7384256069,1707.042719010667,25
2023-06-15 17:30:00,1637.7384256069,1672.0686359876,1637.7384256069,1669.7973247412,1704.1776886822465,25
2023-06-15 21:00:00,1668.6096789015,1682.1682221074,1662.2665612125,1662.2665612125,1700.9537557999583,25
2023-06-16 00:30:00,1662.2665612125,1668.2133613683,1660.4572000126,1667.5058961944,1698.3808435226076,25
2023-06-16 04:00:00,1667.5058961944,1673.0573810856,1665.8707508301,1670.7978959387,1696.2590783238456,25
2023-06-16 07:30:00,1670.7978959387,1674.3683212988,1668.3109252107,1668.3157718323,1694.1095932091114,25
2023-06-16 11:00:00,1669.2831286359,1671.8543954339,1662.2133240321,1663.1315199572,1691.726664497426,25
2023-06-16 14:30:00,1663.1315009049,1702.2271780173,1652.8658717959,1697.2036776426,1692.147973200901,25
2023-06-16 18:00:00,1698.0233371671,1727.0256184485,1694.1995189747,1719.005714591,1694.2139533078318,25
2023-06-16 21:30:00,1719.005714591,1719.0067672786,1715.2827509664,1716.4327333687,1695.923090235591,25
2023-06-17 01:00:00,1716.6233277419,1719.7297796402,1714.1269176278,1717.8148097783,1697.6070686619532,25
2023-06-17 04:30:00,1717.8148097783,1762.4929822332,1717.8148097783,1743.2149617551,1701.1153681306569,25
2023-06-17 08:00:00,1743.1514359851,1746.6598025359,1736.5327385546,1740.172521465,1704.119764540991,25
2023-06-17 11:30:00,1740.1724980702,1742.0331622074,1731.0361713303,1736.036945991,1706.5749323448379,25
2023-06-17 15:00:00,1736.036945991,1736.2515636304,1717.594355184,1726.4269867207,1708.1020134506737,25
2023-06-17 18:30:00,1726.4269867207,1730.8726795381,1723.7282139309,1728.6763391136,1709.6846538862835,25
2023-06-17 22:00:00,1728.7574004823,1731.4027068436,1720.1995729734,1725.7569567041,1710.9209848722696,25
2023-06-18 01:30:00,1725.5809210949,1728.6311191532,1725.4682650462,1728.6311190126,1712.2833028830644,25
2023-06-18 05:00:00,1728.6311196134,1736.2644557705,1722.858575261,1726.5403482426,1713.3799986799518,25
2023-06-18 08:30:00,1726.6790553844,1733.3364959207,1726.6790553844,1732.9726078283,1714.8871224605941,25
2023-06-18 12:00:00,1733.4838620241,1739.9726406967,1731.5627956733,1737.1323452097,1716.5982934412948,25
2023-06-18 15:30:00,1737.1325803278,1747.0980190366,1736.915240742,1739.4096234961,1718.3530111378182,25
2023-06-18 19:00:00,1739.2609640603,1742.6530277751,1721.4869564491,1726.5384455331,1718.9826599374553,25
2023-06-18 22:30:00,1726.8874821624,1726.9720364913,1711.0740124106,1726.1829151792,1719.5365257252818,25
2023-06-19 02:00:00,1726.1829159595,1727.0237717969,1720.960409423,1723.8749642946,1719.8702517690756,25
2023-06-19 05:30:00,1724.0339440569,1727.0132006817,1721.5109930554,1721.5111256758,1719.9964728388238,25
2023-06-19 09:00:00,1721.5111256355,1734.9557232489,1721.2227306371,1729.8494903557,1720.754397263199,25
2023-06-19 12:30:00,1729.8494904203,1732.0997046811,1716.2576272093,1720.8260246782,1720.759907064353,25
2023-06-19 16:00:00,1720.824867422,1750.6638233254,1703.7719187649,1722.8028020137,1720.9170528296875,25
2023-06-19 19:30:00,1722.8028020137,1736.4377480338,1719.5198742313,1734.7242371581,1721.979143931873,25
2023-06-19 23:00:00,1734.5574426719,1749.3571598831,1733.4552147249,1734.4261907798,1722.9366090740214,25
2023-06-20 02:30:00,1734.4261907798,1735.5385473707,1729.8463392942,1729.8463392942,1723.4681267832661,25
2023-06-20 06:00:00,1729.7584425729,1729.8433532036,1724.4046187223,1725.3011669278,1723.6091298713072,25
2023-06-20 09:30:00,1725.3011669278,1738.2953460472,1725.3011669278,1731.622957817,1724.2255781748222,25
2023-06-20 13:00:00,1731.622957817,1741.508601615,1716.8647290381,1739.5728505699,1725.4061375898282,25
2023-06-20 16:30:00,1740.3060794239,1792.0313149875,1739.2305956125,1781.223297072,1729.699765242303,25
2023-06-20 20:00:00,1781.041826806,1791.6124983786,1775.3899411549,1788.4649735248,1734.2201658794183,25
2023-06-20 23:30:00,1789.0193788163,1824.5841356137,1787.2650231973,1810.2245330081,1740.0666556585477,25
2023-06-21 03:00:00,1810.1118730409,1820.6380984636,1807.6119594661,1814.8879801172,1745.8221421553674,25
2023-06-21 06:30:00,1814.7361126944,1814.7361126944,1808.1650270764,1813.4050578919,1751.0208279812546,25
2023-06-21 10:00:00,1813.3377660065,1839.8258588548,1809.5401573147,1823.2377093525,1756.5759727021198,25
2023-06-21 13:30:00,1823.2377093525,1896.9248737534,1818.9647968554,1869.8064054543,1765.2860059907491,25
2023-06-21 17:00:00,1870.8630134074,1883.4305824919,1855.5318519257,1882.7611440341,1774.322555071007,25
2023-06-21 20:30:00,1882.7611440341,1900.8127452327,1871.7298599288,1889.476140472,1783.1805231787757,25
2023-06-22 00:00:00,1889.7832076359,1941.75625262,1882.8902073135,1918.7640801473,1793.61002756097,25
2023-06-22 03:30:00,1918.7640801473,1918.7640801473,1904.320898979,1908.0764185211,1802.4151345579032,25
2023-06-22 07:00:00,1908.0764185211,1911.1923592229,1905.4064215806,1909.9240918489,1810.6850543495186,25
2023-06-22 10:30:00,1909.7009730824,1909.7009730824,1880.8950417783,1900.1986213389,1817.570713348702,25
2023-06-22 14:00:00,1899.7490967352,1902.6525355809,1869.4100492657,1881.852042139,1822.5154309479556,25
2023-06-22 17:30:00,1882.705694029,1892.6565735447,1881.7621650689,1886.3399856191,1827.4250120765053,25
2023-06-22 21:00:00,1886.0615882337,1886.3577858219,1868.5005247956,1878.4137416504,1831.347222043728,25
2023-06-23 00:30:00,1878.5939354002,1882.9826369826,1863.0863448265,1881.9930034348,1835.2430513815027,25
2023-06-23 04:00:00,1882.3279542899,1885.7530904331,1876.9217515934,1876.9217515934,1838.4491052439564,25
2023-06-23 07:30:00,1876.9217515934,1887.9470459495,1876.1781473993,1877.8426520762,1841.479378077206,25
2023-06-23 11:00:00,1877.5964823755,1881.5642215056,1862.5476556543,1873.9726780974,1843.9788626941443,25
2023-06-23 14:30:00,1874.1291399031,1934.4435745633,1874.1291399031,1923.3473450721,1850.0841305693716,25
2023-06-23 18:00:00,1922.7617942295,1922.7617942295,1889.0896465656,1902.9190734591,1854.1483569455047,25
2023-06-23 21:30:00,1902.3861143976,1902.3861143976,1876.6738859716,1882.6900205728,1856.3438695322197,25
2023-06-24 01:00:00,1882.0802044733,1896.1989286464,1880.742552626,1895.884586723,1859.3854631622798,25
2023-06-24 04:30:00,1895.7461931833,1895.7461931833,1883.718843844,1883.8718227278,1861.2690292827047,25
2023-06-24 08:00:00,1884.1273484897,1891.5821968464,1884.1273484897,1891.5821968464,1863.6008114029892,25
2023-06-24 11:30:00,1891.5821968464,1906.8865232297,1889.0333767381,1891.9935057702,1865.7848648158517,25
2023-06-24 15:00:00,1892.3477504136,1892.3477504136,1867.2008042278,1887.7444428212,1867.4740631239556,25
2023-06-24 18:30:00,1887.014825077,1887.6913377941,1868.0276408869,1876.69563824,1868.1834150559591,25
2023-06-24 22:00:00,1875.9773280233,1879.8851220342,1870.5461969092,1879.8851220342,1869.0835463619778,25
2023-06-25 01:30:00,1879.8851220342,1914.9628650668,1878.5820635962,1906.4590236754,1871.958583078395,25
2023-06-25 05:00:00,1906.7366254341,1933.7852829104,1904.2912984697,1918.1786872981,1875.5139757106801,25
2023-06-25 08:30:00,1918.1786872981,1923.6083327989,1909.0006737746,1917.1803783903,1878.7190836091127,25
2023-06-25 12:00:00,1917.4551755794,1918.521152937,1883.1216109906,1887.3123317841,1879.3801026994965,25
2023-06-25 15:30:00,1887.1981655072,1892.9748909023,1881.282721915,1892.9748909023,1880.425855638174,25
2023-06-25 19:00:00,1893.2615965633,1905.7901159768,1885.912314597,1905.1088675071,1882.324548858861,25
2023-06-25 22:30:00,1904.6638713632,1906.1313954219,1867.6521211294,1876.5986682526,1881.884096504533,25
2023-06-26 02:00:00,1877.1754757104,1880.5664536171,1872.0130174702,1873.5114901729,1881.2400498636384,25
2023-06-26 05:30:00,1874.0109399035,1903.5346075485,1874.0109399035,1893.2890461619,1882.1668957327356,25
2023-06-26 09:00:00,1893.4622663031,1893.5227680883,1874.791871342,1878.8069357653,1881.9084372737022,25
2023-06-26 12:30:00,1878.8069357653,1909.1381320765,1869.4924758736,1889.5890074627,1882.4992503651636,25
2023-06-26 16:00:00,1889.5853411841,1889.8739385957,1838.2334011752,1847.5644249633,1879.8119561034819,25
2023-06-26 19:30:00,1848.1353220298,1862.3300230754,1848.1353220298,1858.1949567699,1878.1491100008989,25
2023-06-26 23:00:00,1858.3895274969,1866.4679823821,1856.4725078952,1864.6884929408,1877.1136779193528,25
2023-06-27 02:30:00,1865.1458408801,1878.1752035033,1865.1458408801,1866.3448671455,1876.2853078598257,25
2023-06-27 06:00:00,1866.3448671455,1879.9913369952,1865.7326397269,1876.3378055663,1876.2893461449391,25
2023-06-27 09:30:00,1876.3378055663,1888.398543018,1874.8047455819,1885.2829975667,1876.9811654850746,25
2023-06-27 13:00:00,1885.1241290543,1894.7237234961,1866.4688126591,1882.2244776509,1877.3844971901383,25
2023-06-27 16:30:00,1882.3911813611,1911.0367592608,1882.3911813611,1896.6302767436,1878.864941771174,25
2023-06-27 20:00:00,1896.4634408669,1896.4634408669,1886.0663424796,1886.6112240082,1879.460809635561,25
2023-06-27 23:30:00,1886.8836602428,1890.644097704,1856.6014618995,1861.1197908282,1878.049962034995,25
2023-06-28 03:00:00,1861.2341010589,1870.8639982123,1861.2341010589,1863.7504421716,1876.94999896858,25
2023-06-28 06:30:00,1863.9218650501,1866.2210186738,1849.3423718502,1860.9905898315,1875.7223521118817,25
2023-06-28 10:00:00,1860.9914445096,1863.8727417686,1847.6056405579,1857.3351985682,1874.3079556854448,25
2023-06-28 13:30:00,1857.3351985682,1866.7370342037,1851.110892077,1857.1381976194,1872.98720506498,25
2023-06-28 17:00:00,1856.9603276541,1856.9603276541,1818.5882542801,1830.0482428706,1869.6842079731045,25
2023-06-28 20:30:00,1830.3437821894,1836.1634755255,1828.3617607111,1830.4095490942,1866.663080367035,25
2023-06-29 00:00:00,1830.6997182606,1843.2082282278,1830.6997182606,1837.9028610538,1864.4507558044786,25
2023-06-29 03:30:00,1837.9028610538,1842.7798942841,1837.4612335455,1838.8825730839,1862.4839725182803,25
2023-06-29 07:00:00,1838.9376477444,1865.1984362178,1838.9376477444,1864.3405203387,1862.626783889082,25
2023-06-29 10:30:00,1864.6413082639,1877.7027447633,1854.8809827221,1855.9601962406,1862.1139694545836,25
2023-06-29 14:00:00,1856.5537871698,1859.9149185533,1843.8988871775,1856.7814790849,1861.7037778876852,25
2023-06-29 17:30:00,1856.7814790849,1859.0157854665,1845.7909620623,1848.0058341199,1860.650089905548,25
2023-06-29 21:00:00,1848.4336801292,1855.1504482681,1848.4336801292,1855.1504482681,1860.2270405488212,25
2023-06-30 00:30:00,1855.1504482681,1877.0152199587,1843.9207811657,1871.6706767643,1861.1073202577043,25
2023-06-30 04:00:00,1872.1235401331,1905.6035629433,1871.9731065686,1876.6030291464,1862.2992978645273,25
2023-06-30 07:30:00,1876.6055194387,1892.468186737,1876.6055194387,1891.6274404303,1864.5553088311253,25
2023-06-30 11:00:00,1891.1687437122,1911.1146777857,1841.3670280699,1857.6789092059,1864.0263550138004,25
2023-06-30 14:30:00,1857.6789092059,1942.7931920026,1845.5418779328,1929.6372597791,1869.0733476880544,25
2023-06-30 18:00:00,1930.3223908577,1939.8554179294,1916.0820271061,1929.3826367093,1873.7125237666119,25
2023-06-30 21:30:00,1930.0482669638,1941.3659735895,1929.5151564251,1934.0037781121,1878.3503125624186,25
2023-07-01 01:00:00,1933.331991688,1933.331991688,1912.2453435862,1913.1449128173,1881.0268202743325,25
2023-07-01 04:30:00,1913.1449128173,1922.9329294644,1912.1755773519,1918.7784157158,1883.9307891544456,25
2023-07-01 08:00:00,1918.7784157158,1922.9504180979,1912.8635325518,1922.444190592,1886.8933584957963,25
2023-07-01 11:30:00,1922.444190592,1926.7926891437,1922.444190592,1923.0271475881,1889.672880733666,25
2023-07-01 15:00:00,1922.7107974197,1922.7107974197,1919.0244956373,1919.0244956373,1891.930697264715,25
2023-07-01 18:30:00,1919.4993195961,1921.9026171958,1919.4993195961,1921.9026171958,1894.2362295671064,25
2023-07-01 22:00:00,1921.9026171958,1925.0000289061,1919.5859712712,1921.7631417198,1896.353684348083,25
2023-07-02 01:30:00,1921.7623729181,1921.7623729181,1912.1689882129,1914.4856786421,1897.7484531399307,25
2023-07-02 05:00:00,1914.4856786421,1916.3207904799,1913.6412549896,1916.3207904799,1899.1770944737746,25
2023-07-02 08:30:00,1916.3207915762,1920.4550037016,1913.401162004,1920.4550037016,1900.813856722069,25
2023-07-02 12:00:00,1920.4513735047,1926.5337130127,1897.58773497,1911.887445579,1901.6656712495253,25
2023-07-02 15:30:00,1912.1583044847,1923.7054401068,1904.4399912015,1911.0541914624,1902.3878651120542,25
2023-07-02 19:00:00,1911.0546679459,1960.2695718552,1911.0546679459,1952.991870429,1906.2804809056656,25
2023-07-02 22:30:00,1952.9920086003,1962.2758165251,1921.3314451834,1944.7032914867,1909.2360817195915,25
2023-07-03 02:00:00,1944.7032914867,1954.6079678823,1943.4198901503,1947.7745843482,1912.2005819217923,25
2023-07-03 05:30:00,1947.7745843482,1974.6772469231,1943.9295047325,1960.5735832313,1915.9215820225238,25
2023-07-03 09:00:00,1960.5735832313,1964.4479631202,1954.6219223275,1959.7303278105,1919.2914855446759,25
2023-07-03 12:30:00,1959.7303278105,1974.2601179025,1958.996623554,1968.4312674178,1923.0714687656855,25
2023-07-03 16:00:00,1967.9832163371,1972.258421623,1956.3722166922,1972.258421623,1926.8550805239406,25
2023-07-03 19:30:00,1972.258421623,1973.0430737548,1949.699342481,1954.5139235206,1928.9826838313759,25
2023-07-03 23:00:00,1954.2289433552,1958.1884703395,1952.0288414769,1954.0357704999,1930.9098443443395,25
2023-07-04 02:30:00,1954.0357704999,1965.1826253529,1949.0761711225,1952.8390409236,1932.5967056196673,25
2023-07-04 06:00:00,1952.8390409236,1955.2996914761,1947.2804538918,1952.7135020664,1934.1441515001854,25
2023-07-04 09:30:00,1952.6748133313,1960.5319637828,1952.6748133313,1957.6496471139,1935.9522665473944,25
2023-07-04 13:00:00,1957.6496471139,1963.3841047075,1952.5655178476,1962.5216396172,1937.9960644758412,25
2023-07-04 16:30:00,1962.7535175225,1962.7535175225,1933.9816232534,1936.3296957592,1937.867882266869,25
2023-07-04 20:00:00,1936.0634375364,1940.795130892,1934.4597156663,1939.3907900553,1937.9850290198253,25
2023-07-04 23:30:00,1939.1242485957,1940.9588061092,1936.0024060165,1940.9588061092,1938.2137811036234,25
2023-07-05 03:00:00,1940.9588061092,1941.8357999437,1935.1609349012,1935.4960253321,1938.0047229673526,25
2023-07-05 06:30:00,1935.4960253321,1937.4847214419,1924.1914253328,1924.1914253328,1936.9421616108486,25
2023-07-05 10:00:00,1924.1914253328,1925.2346519989,1897.6439441648,1898.6251819144,1933.994701634199,25
2023-07-05 13:30:00,1898.6251819144,1909.215992817,1896.8109537593,1907.7321202638,1931.9745030672452,25
2023-07-05 17:00:00,1907.7321202638,1916.211090696,1906.2248109896,1908.1110112268,1930.1388498487497,25
2023-07-05 20:30:00,1908.4008149706,1914.8853525508,1908.4008149706,1911.6793366952,1928.7188872984766,25
2023-07-06 00:00:00,1911.3900693459,1913.6155038364,1900.5187563322,1913.6155038364,1927.5570885706247,25
2023-07-06 03:30:00,1913.6155038364,1924.4740747512,1908.902740831,1924.3328785514,1927.3090724152999,25
2023-07-06 07:00:00,1924.3328785514,1955.7246765426,1924.3328785514,1939.5074113222,1928.2474061773692,25
2023-07-06 10:30:00,1939.5074113222,1942.2167980304,1890.8864144456,1890.8864144456,1925.3734837364639,25
2023-07-06 14:00:00,1891.4978252224,1895.6303436721,1867.7075586657,1885.3049862443,1922.2912916216821,25
2023-07-06 17:30:00,1885.3049862443,1893.4963383813,1882.7039639356,1883.0040373565,1919.269195139745,25
2023-07-06 21:00:00,1883.3040656924,1885.5887339443,1829.4305072318,1842.6599876797,1913.3761791812801,25
2023-07-07 00:30:00,1842.6599876797,1862.4414662515,1837.7668400786,1858.3960796476,1909.1469407556124,25
2023-07-07 04:00:00,1858.3960796476,1861.6924030829,1854.8847452252,1856.2699601562,1905.079480709504,25
2023-07-07 07:30:00,1856.2699601562,1865.1293930324,1854.9214688843,1861.9461877035,1901.7615350936576,25
2023-07-07 11:00:00,1862.0989657622,1875.7717103263,1853.3263239042,1871.1101106734,1899.4037332151763,25
2023-07-07 14:30:00,1871.4088694452,1874.2122062436,1866.2305593501,1867.172255291,1896.9243887594707,25
2023-07-07 18:00:00,1866.8773200334,1869.8216457914,1856.7953737773,1869.8216457914,1894.8395623773117,25
2023-07-07 21:30:00,1870.1006665669,1870.1446435842,1867.6440839856,1869.9114537826,1892.9220155623339,25
2023-07-08 01:00:00,1870.0776532109,1871.3632545518,1863.2095350655,1863.2095350655,1890.6364401395006,25
2023-07-08 04:30:00,1863.2095350655,1863.706250962,1857.8373649001,1860.7304485379,1888.3359792470699,25
2023-07-08 08:00:00,1860.7304485379,1866.3305565713,1859.7679595421,1859.7679595421,1886.1384392697646,25
2023-07-08 11:30:00,1859.7679595421,1860.5288339148,1857.5795650243,1860.524651188,1884.1681478788598,25
2023-07-08 15:00:00,1860.524651188,1864.3875363662,1858.5356715788,1858.5356715788,1882.1964189327014,25
2023-07-08 18:30:00,1858.5404846831,1858.5404846831,1844.9353506657,1854.3091609911,1880.0512452448859,25
2023-07-08 22:00:00,1854.7189674287,1872.6101866662,1854.7189674287,1869.4156039715,1879.2331189930871,25
2023-07-09 01:30:00,1869.2330105734,1871.4649935216,1868.0461015706,1868.7968971804,1878.4303326998038,25
2023-07-09 05:00:00,1868.7968971804,1869.0197504661,1866.5969544736,1867.0445294644,1877.554501681696,25
2023-07-09 08:30:00,1867.1217172556,1868.184001316,1866.7981097732,1867.9427466916,1876.815135913227,25
2023-07-09 12:00:00,1867.9427466916,1877.1986109964,1858.8424945992,1866.3653396021,1876.0113054277558,25
2023-07-09 15:30:00,1865.9115699861,1867.0443563782,1864.7551958653,1867.0443563782,1875.3215401162518,25
2023-07-09 19:00:00,1867.0668788538,1870.7703857308,1858.5625523284,1862.3199839081,1874.3214204079325,25
2023-07-09 22:30:00,1862.5512757299,1867.322339367,1849.3070271849,1855.0485139424,1872.8388891413533,25
2023-07-10 02:00:00,1855.0485139424,1866.4736270917,1855.0485139424,1862.2269443684,1872.0225856972802,25
2023-07-10 05:30:00,1862.2269443684,1862.2269443684,1851.3653133139,1855.0364953518,1870.7159633630126,25
2023-07-10 09:00:00,1855.0364953518,1866.2002066267,1855.0364953518,1866.2002066267,1870.3685974602195,25
2023-07-10 12:30:00,1866.0625743598,1872.7154390095,1861.7534716987,1871.398180802,1870.447796178818,25
2023-07-10 16:00:00,1871.1704991364,1894.0416315885,1868.2376489083,1890.2246945777,1871.969096055655,25
2023-07-10 19:30:00,1890.2246945777,1903.1045627429,1868.2211042522,1874.6028810013,1872.1716948976277,25
2023-07-10 23:00:00,1874.835271882,1882.2456251891,1874.835271882,1881.8003390847,1872.912359835095,25
2023-07-11 02:30:00,1881.6676899044,1881.6676899044,1876.3374608582,1878.2663027843,1873.3242016004185,25
2023-07-11 06:00:00,1878.2663027843,1891.0892000035,1869.0209758805,1869.5216476988,1873.0316974541402,25
2023-07-11 09:30:00,1869.5216476988,1870.0522345272,1864.9278535142,1869.7486148781,1872.7791526405988,25
2023-07-11 13:00:00,1869.7486148781,1880.8273802607,1864.0821294452,1868.249541419,1872.4307210081681,25
2023-07-11 16:30:00,1868.4665701618,1874.2045994834,1868.4665701618,1872.8759857517,1872.4649721422861,25
2023-07-11 20:00:00,1872.8759857517,1877.5903734069,1872.8759857517,1877.5903734069,1872.8592337780256,25
2023-07-11 23:30:00,1878.0978391869,1887.050353261,1878.0978391869,1884.1398006873,1873.7269696941237,25
2023-07-12 03:00:00,1883.9215451842,1890.3629086601,1880.5373531738,1890.0190634386,1874.9802076744681,25
2023-07-12 06:30:00,1890.0190634386,1894.2009727142,1888.5390144779,1888.5390144779,1876.0231928131936,25
2023-07-12 10:00:00,1888.5390144779,1898.0245763344,1883.6052277759,1886.8482332838,1876.8558882340096,25
2023-07-12 13:30:00,1887.0167811347,1899.4272269146,1881.0098274896,1885.1549062787,1877.4942742374474,25
2023-07-12 17:00:00,1885.394074833,1889.2629735859,1863.7329559123,1871.6351639994,1877.0435734499054,25
2023-07-12 20:30:00,1871.4164434235,1872.3643578607,1866.5864930669,1872.3643578607,1876.6836337891973,25
2023-07-13 00:00:00,1872.602306021,1873.8945020843,1868.6813677914,1868.6813677914,1876.0680748662899,25
2023-07-13 03:30:00,1868.50652099,1871.8116609838,1864.4484106834,1871.8116609838,1875.7406584137907,25
2023-07-13 07:00:00,1871.8116609838,1884.0330064399,1871.7267849904,1882.0231963213,1876.2239305605224,25
2023-07-13 10:30:00,1882.0231963213,1886.5821674054,1878.6745241327,1885.8807008059,1876.9667590409363,25
2023-07-13 14:00:00,1886.66421072,1970.0679791588,1880.5387833608,1964.496772633,1883.6998370095566,25
2023-07-13 17:30:00,1963.8042186036,2008.2857780807,1962.3840555931,1983.6653074341,1891.3894885806756,25
2023-07-13 21:00:00,1983.6653074341,2012.0087768677,1973.2287092331,2005.4107481487,1900.1603547012928,25
2023-07-14 00:30:00,2005.6113980833,2035.4376498127,2003.6876179763,2008.0754563297,1908.4615163650165,25
2023-07-14 04:00:00,2008.0754563297,2010.5520221527,2001.2624771702,2001.8057001613,1915.6418381955,25
2023-07-14 07:30:00,2001.8057001613,2001.8057001613,1986.3493929423,1989.6394594983,1921.3339629111001,25
2023-07-14 11:00:00,1989.6394594983,2001.7833257814,1987.7694635349,1996.3817007973,1927.1068658254235,25
2023-07-14 14:30:00,1996.7997174071,2006.0992480552,1963.834583531,1963.834583531,1929.9320748796988,25
2023-07-14 18:00:00,1963.109947491,1966.0386263546,1904.0651130657,1924.3266760027,1929.5008903506991,25
2023-07-14 21:30:00,1924.3266760027,1940.2898002216,1922.2224240778,1931.7303745958,1929.672389138784,25
2023-07-15 01:00:00,1931.3908509904,1935.2634852347,1929.4853800902,1932.0590733289,1929.8559802303316,25
2023-07-15 04:30:00,1932.0590733289,1942.1851944449,1930.1136319533,1941.681822524,1930.765660406768,25
2023-07-15 08:00:00,1941.4785978311,1945.9071229645,1939.4366266002,1940.838976234,1931.5405308550166,25
2023-07-15 11:30:00,1940.838976234,1940.838976234,1934.0282150098,1934.0282150098,1931.7318911746154,25
2023-07-15 15:00:00,1934.0282150098,1934.8824566484,1931.2644522887,1931.2828311655,1931.6973480969912,25
2023-07-15 18:30:00,1931.5822529728,1937.4152614344,1926.7676217525,1930.1646763777,1931.5794502724304,25
2023-07-15 22:00:00,1930.1705821025,1934.3344953898,1929.3072953039,1934.3344953898,1931.7913768199205,25
2023-07-16 01:30:00,1934.5182217202,1935.7185094563,1915.814932309,1924.3639619609,1931.2200372153807,25
2023-07-16 05:00:00,1924.4743110754,1931.3199335787,1923.4525777508,1928.1615920379,1930.9847722017284,25
2023-07-16 08:30:00,1928.1615920379,1935.0370173803,1928.1615920379,1931.8290840822,1931.0497192694572,25
2023-07-16 12:00:00,1931.8290840822,1941.8090677208,1931.0197685653,1939.7010889162,1931.7152092422837,25
2023-07-16 15:30:00,1939.7083761151,1939.7083761151,1931.9697880673,1931.9697880673,1931.7347922288236,25
2023-07-16 19:00:00,1932.266296641,1935.57466354,1928.4044874602,1935.57466354,1932.030166945068,25
2023-07-16 22:30:00,1935.277471502,1935.277471502,1919.2887475742,1925.8832980883,1931.557330879163,25
2023-07-17 02:00:00,1925.8832980883,1937.1166941089,1925.8832980883,1934.5238086498,1931.7855214769045,25
2023-07-17 05:30:00,1934.5238086498,1934.5238086498,1927.9922773147,1927.9922773147,1931.4937334644271,25
2023-07-17 09:00:00,1927.9922773147,1927.9922773147,1896.5747183353,1904.4404789796,1929.4127138886713,25
2023-07-17 12:30:00,1904.0591529857,1915.51865891,1903.4805027664,1909.0521188454,1927.8465142699583,25
2023-07-17 16:00:00,1909.0521188454,1911.7522324129,1874.8753960824,1886.6600920356,1924.6783279442386,25
2023-07-17 19:30:00,1886.6324642656,1918.7155513851,1886.5495821693,1911.6915987089,1923.6793487722896,25
2023-07-17 23:00:00,1911.4210208703,1915.4787042229,1910.1552685157,1913.7565811967,1922.9160589587827,25
2023-07-18 02:30:00,1913.7565811967,1913.7565811967,1904.9870558522,1904.9870558522,1921.5369048736611,25
2023-07-18 06:00:00,1904.9870558522,1907.5184262249,1895.7154964499,1901.1349789929,1919.9675259597566,25
2023-07-18 09:30:00,1901.1349789929,1907.0078843427,1887.5161766446,1891.5240985468,1917.779570004914,25
2023-07-18 13:00:00,1891.7825570115,1901.4189753886,1889.5558183647,1897.0088724462,1916.181824038859,25
2023-07-18 16:30:00,1897.2663437999,1902.5754290911,1880.5011665427,1893.117602524,1914.4076531531007,25
2023-07-18 20:00:00,1893.3735372633,1901.1258918826,1892.2670875225,1900.0630459395,1913.3042218289777,25
2023-07-18 23:30:00,1899.8045764538,1911.604078895,1896.1025038581,1910.6520502964,1913.1002086341641,25
2023-07-19 03:00:00,1910.6520502964,1916.262369556,1910.6520502964,1912.9265292398,1913.0868486807517,25
2023-07-19 06:30:00,1912.8195454486,1912.8195454486,1905.5907845992,1911.724756621,1912.9820723684632,25
2023-07-19 10:00:00,1911.724756621,1911.724756621,1904.9943028974,1905.7022782455,1912.4220882051584,25
2023-07-19 13:30:00,1906.2978730048,1921.7031080361,1897.1603688376,1903.5649974325,1911.7407735303386,25
2023-07-19 17:00:00,1903.8243414825,1916.0693258042,1902.5638878997,1902.5638878997,1911.0348592510588,25
2023-07-19 20:30:00,1902.8231933922,1903.0825519003,1884.1707113035,1889.4654644693,1909.3756750370776,25
2023-07-20 00:00:00,1889.4654644693,1900.8796074656,1885.8473703792,1894.2959889173,1908.21569918171,25
2023-07-20 03:30:00,1894.2970429304,1907.5120084569,1894.2970429304,1906.4360190393,1908.0788007092171,25
2023-07-20 07:00:00,1906.4360190393,1926.0165433592,1906.417231996,1926.0165433592,1909.458627066908,25
2023-07-20 10:30:00,1926.0165433592,1926.7753915752,1915.6093874874,1919.6131096911,1910.239741114923,25
2023-07-20 14:00:00,1919.3785677267,1919.3785677267,1881.2786653563,1887.3925595954,1908.4822656134213,25
2023-07-20 17:30:00,1887.6507632746,1891.476555243,1884.1257373705,1886.9802594929,1906.828265142612,25
2023-07-20 21:00:00,1887.238836702,1896.9444143981,1887.238836702,1891.1849271571,1905.624931451419,25
2023-07-21 00:30:00,1890.9259030859,1901.5765716125,1888.7915139876,1898.1676017313,1905.0512907037175,25
2023-07-21 04:00:00,1898.1676017313,1898.1676017313,1891.6077975213,1891.6077975213,1904.0171758435317,25
2023-07-21 07:30:00,1891.6077975213,1892.6259556782,1887.1008650514,1888.4553245043,1902.8201103558986,25
2023-07-21 11:00:00,1888.4553245043,1894.7045452639,1888.0418134863,1889.6535841657,1901.8073006489603,25
2023-07-21 14:30:00,1889.6535841657,1897.8347743848,1889.6535841657,1897.8347743848,1901.5017217055636,25
2023-07-21 18:00:00,1898.0916993663,1903.834563273,1888.1053542684,1894.1010831279,1900.932441814974,25
2023-07-21 21:30:00,1894.1011355842,1894.4117206237,1893.6045528392,1894.4117206237,1900.4308478771836,25
2023-07-22 01:00:00,1894.4117206237,1895.2459616765,1893.5043805308,1894.074926533,1899.941930850708,25
2023-07-22 04:30:00,1894.074926533,1894.2713522774,1892.4484664747,1893.0972589983,1899.4154176312923,25
2023-07-22 08:00:00,1893.0972589983,1893.2467270855,1886.4772681443,1886.4772681443,1898.420175363062,25
2023-07-22 11:30:00,1886.5608149482,1888.9439807484,1886.5608149482,1888.0107558979,1897.619450788819,25
2023-07-22 15:00:00,1887.8828721669,1889.0741423868,1884.5786229574,1884.5786229574,1896.6163101864022,25
2023-07-22 18:30:00,1884.7832786291,1886.7274103047,1884.7832786291,1886.7274103047,1895.8556255801175,25
2023-07-22 22:00:00,1886.5256340461,1886.5256340461,1854.7869043932,1868.1364100321,1893.72337823027,25
2023-07-23 01:30:00,1868.1364100321,1873.3567938612,1868.1364100321,1873.3567938612,1892.156717894188,25
2023-07-23 05:00:00,1873.3567938612,1877.6876399389,1873.3567938612,1874.8287210745,1890.8237950619043,25
